customer_id,customer_name,country
1,Liam Smith,USA
2,Olivia Johnson,Canada
3,Noah Williams,UK
4,Emma Brown,Australia
5,Oliver Jones,Germany
6,Ava Garcia,USA
7,Elijah Miller,France
8,Charlotte Davis,Canada
9,William Rodriguez,Mexico
10,Sophia Martinez,Spain
11,James Hernandez,USA
12,Amelia Lopez,Brazil
13,Benjamin Gonzalez,UK
14,Isabella Wilson,Australia
15,Lucas Anderson,Germany
16,Mia Taylor,USA
17,Henry Thomas,Canada
18,Evelyn Moore,Japan
19,Alexander Jackson,China
20,Harper White,USA
21,Sebastian Harris,India
22,Emily Martin,UK
23,Jack Thompson,Australia
24,Abigail Garcia,USA
25,Aiden Martinez,Canada
26,Ella Robinson,Germany
27,Matthew Clark,France
28,Scarlett Rodriguez,Mexico
29,David Lewis,Spain
30,Grace Lee,USA
31,Joseph Walker,Brazil
32,Chloe Hall,UK
33,Daniel Allen,Australia
34,Victoria Young,Germany
35,Samuel Hernandez,USA
36,Riley King,Canada
37,Michael Wright,Japan
38,Lily Scott,China
39,Ethan Green,USA
40,Zoey Adams,India
41,Jacob Baker,UK
42,Penelope Nelson,Australia
43,Logan Carter,USA
44,Lillian Mitchell,Canada
45,Jackson Perez,Germany
46,Nora Roberts,France
47,Levi Turner,Mexico
48,Hannah Phillips,Spain
49,Mateo Campbell,USA
50,Layla Parker,Brazil
51,Owen Evans,UK
52,Stella Edwards,Australia
53,Caleb Collins,Germany
54,Addison Stewart,USA
55,Ryan Sanchez,Canada
56,Hazel Morris,Japan
57,Asher Rogers,China
58,Aurora Reed,USA
59,Leo Cook,India
60,Savannah Morgan,UK
61,Wyatt Bell,Australia
62,Audrey Murphy,USA
63,Julian Bailey,Canada
64,Claire Rivera,Germany
65,Grayson Cooper,France
66,Violet Richardson,Mexico
67,Joshua Cox,Spain
68,Skylar Howard,USA
69,Ezra Ward,Brazil
70,Paisley Torres,UK
71,Miles Peterson,Australia
72,Aaliyah Gray,Germany
73,Lincoln Ramirez,USA
74,Lucy James,Canada
75,Isaiah Watson,Japan
76,Anna Brooks,China
77,Charles Kelly,USA
78,Leah Sanders,India
79,Thomas Price,UK
80,Ariana Bennett,Australia
81,Christopher Wood,USA
82,Ellie Barnes,Canada
83,John Ross,Germany
84,Hailey Henderson,France
85,Anthony Coleman,Mexico
86,Gabriella Jenkins,Spain
87,David Perry,USA
88,Madison Powell,Brazil
89,Caleb Long,UK
90,Genesis Patterson,Australia
91,Isaac Hughes,Germany
92,Brooklyn Flores,USA
93,Gabriel Washington,Canada
94,Allison Butler,Japan
95,Angel Simmons,China
96,Serenity Foster,USA
97,Nathan Gonzales,India
98,Nevaeh Bryant,UK
99,Christian Alexander,Australia
100,Sarah Russell,USA